{"cameraMode":{"drawMode":0,"name":"Shaded","section":"Shading Mode"},"sceneLighting":false,"audioPlay":false,"sceneViewState":{"m_AlwaysRefresh":false,"showFog":true,"showSkybox":false,"showFlares":true,"showImageEffects":true,"showParticleSystems":true,"showVisualEffectGraphs":true,"m_FxEnabled":true},"in2DMode":false,"pivot":{"x":-0.7151060104370117,"y":0.515446662902832,"z":-0.2861347198486328},"rotation":{"x":0.031818583607673648,"y":0.9544897675514221,"z":-0.2753201425075531,"w":0.11074557155370712},"size":17.478130340576173,"orthographic":false}