{"cameraMode":{"drawMode":0,"name":"Shaded","section":"Shading Mode"},"sceneLighting":false,"audioPlay":false,"sceneViewState":{"m_AlwaysRefresh":false,"showFog":true,"showSkybox":false,"showFlares":true,"showImageEffects":true,"showParticleSystems":true,"showVisualEffectGraphs":true,"m_FxEnabled":true},"in2DMode":false,"pivot":{"x":-0.27409791946411135,"y":1.3702954053878785,"z":2.4108245372772219},"rotation":{"x":0.0011443040566518903,"y":0.95835280418396,"z":-0.2857878804206848,"w":0.004328371491283178},"size":3.069390058517456,"orthographic":false}